frequency,period,power,snr,fap
4.96799+/-0.00003,0.201289+/-0.000001,0.47765,95.13,1.77e-164
5.96816+/-0.00002,0.167556+/-0.000001,0.41957,83.72,3.78e-137
3.96781+/-0.00001,0.252028+/-0.000001,0.35065,70.13,4.53e-108
4.73144+/-0.00004,0.211352+/-0.000002,0.31980,64.12,4.80e-96
