frequency,period,power,snr,fap
3.04011+/-0.00003,0.328936+/-0.000003,0.31660,116.35,7.90e-95
2.04010+/-0.00003,0.490173+/-0.000008,0.27371,100.86,4.55e-79
1.91750+/-0.00002,0.521512+/-0.000004,0.27641,102.19,4.97e-80
2.91746+/-0.00001,0.342763+/-0.000002,0.27322,101.13,6.82e-79
