frequency,period,power,snr,fap
2.35215+/-0.00002,0.425143+/-0.000004,0.51282,143.00,1.51e-182
1.35207+/-0.00003,0.739606+/-0.000015,0.43737,122.07,3.19e-145
3.35219+/-0.00002,0.298312+/-0.000002,0.40175,112.51,2.61e-129
3.50091+/-0.00002,0.285640+/-0.000002,0.30387,85.28,4.76e-90
