frequency,period,power,snr,fap
1.83302+/-0.00002,0.545547+/-0.000006,0.46537,125.84,1.88e-158
0.83299+/-0.00004,1.200492+/-0.000059,0.42233,114.49,2.20e-138
2.83304+/-0.00002,0.352978+/-0.000002,0.37179,101.09,1.20e-116
3.92692+/-0.00004,0.254652+/-0.000002,0.32239,87.85,4.91e-97
