frequency,period,amplitude,snr,fap
1.83302+/-0.00002,0.545547+/-0.000006,0.68,125.84,1.88e-158
3.92680+/-0.00002,0.254660+/-0.000001,0.78,192.19,1.23e-241
6.04377+/-0.00004,0.165460+/-0.000001,0.12,13.15,9.53e-01
0.74150+/-0.00002,1.348620+/-0.000028,0.10,11.71,1.00e+00
