frequency,period,amplitude,snr,fap
7.62956+/-0.00002,0.131069+/-0.000000,0.51,65.01,1.46e-72
9.13811+/-0.00002,0.109432+/-0.000000,0.47,59.37,7.88e-62
7.83772+/-0.00002,0.127588+/-0.000000,0.51,67.90,1.38e-72
2.16349+/-0.00002,0.462217+/-0.000004,0.54,125.72,7.03e-84
