frequency,period,power,snr,fap
1.75607+/-0.00004,0.569454+/-0.000014,0.39830,131.70,8.06e-128
0.75601+/-0.00004,1.322726+/-0.000075,0.36538,121.14,5.13e-114
2.75612+/-0.00003,0.362828+/-0.000003,0.30961,102.89,3.40e-92
0.24393+/-0.00006,4.099592+/-0.000936,0.24554,81.95,3.23e-69
