frequency,period,power,snr,fap
0.00365+/-0.00009,273.652652+/-7.084234,0.76188,453288.20,0.00e+00
0.00727+/-0.00015,137.642236+/-2.923055,0.17266,102834.19,0.00e+00
0.01711+/-0.00013,58.439707+/-0.437839,0.05722,34123.54,4.26e-179
0.01380+/-0.00011,72.470656+/-0.578212,0.05108,30538.71,7.65e-159
