Line,Error
6872.251067289,0.001389138
6872.847125,0.001454657
6873.799370429,0.000906929
6874.656798427,0.001888834
6875.595932656,0.001745727
6876.718607378,0.001676247
6877.641205911,0.001243355
6879.044460945,0.000592694
6879.932394473,0.001248727
6883.835594122,0.000853233
6885.757979289,0.006408733
6886.746071429,0.000615678
6888.950940989,0.005895951
